class,split_group,split,source,image_count
id_card,aadhar_1,validation,real,10
id_card,aadhar_10,validation,real,10
id_card,aadhar_100,train,real,10
id_card,aadhar_101,train,real,10
id_card,aadhar_102,train,real,10
id_card,aadhar_103,validation,real,10
id_card,aadhar_104,validation,real,10
id_card,aadhar_105,train,real,10
id_card,aadhar_106,train,real,10
id_card,aadhar_107,train,real,10
id_card,aadhar_108,train,real,10
id_card,aadhar_11,validation,real,10
id_card,aadhar_12,train,real,10
id_card,aadhar_13,train,real,10
id_card,aadhar_15,validation,real,10
id_card,aadhar_16,train,real,10
id_card,aadhar_17,validation,real,10
id_card,aadhar_18,train,real,10
id_card,aadhar_19,train,real,10
id_card,aadhar_2,train,real,10
id_card,aadhar_20,validation,real,10
id_card,aadhar_21,train,real,10
id_card,aadhar_22,train,real,10
id_card,aadhar_23,train,real,5
id_card,aadhar_24,train,real,5
id_card,aadhar_25,train,real,10
id_card,aadhar_26,train,real,10
id_card,aadhar_27,train,real,10
id_card,aadhar_28,train,real,10
id_card,aadhar_29,train,real,5
id_card,aadhar_3,train,real,10
id_card,aadhar_31,train,real,5
id_card,aadhar_32,validation,real,10
id_card,aadhar_33,validation,real,10
id_card,aadhar_34,train,real,10
id_card,aadhar_35,validation,real,10
id_card,aadhar_36,train,real,10
id_card,aadhar_37,train,real,10
id_card,aadhar_38,train,real,10
id_card,aadhar_39,train,real,10
id_card,aadhar_40,train,real,10
id_card,aadhar_41,train,real,10
id_card,aadhar_42,validation,real,10
id_card,aadhar_43,train,real,10
id_card,aadhar_44,train,real,10
id_card,aadhar_45,train,real,10
id_card,aadhar_46,train,real,10
id_card,aadhar_47,train,real,10
id_card,aadhar_48,train,real,10
id_card,aadhar_49,train,real,10
id_card,aadhar_5,train,real,10
id_card,aadhar_50,train,real,10
id_card,aadhar_51,train,real,10
id_card,aadhar_52,train,real,10
id_card,aadhar_53,validation,real,10
id_card,aadhar_54,train,real,10
id_card,aadhar_55,validation,real,10
id_card,aadhar_56,train,real,10
id_card,aadhar_57,train,real,10
id_card,aadhar_58,train,real,10
id_card,aadhar_59,train,real,10
id_card,aadhar_6,train,real,10
id_card,aadhar_60,validation,real,10
id_card,aadhar_61,train,real,10
id_card,aadhar_62,validation,real,10
id_card,aadhar_63,train,real,10
id_card,aadhar_64,train,real,10
id_card,aadhar_65,train,real,10
id_card,aadhar_66,train,real,10
id_card,aadhar_67,train,real,10
id_card,aadhar_68,validation,real,10
id_card,aadhar_69,validation,real,10
id_card,aadhar_7,train,real,5
id_card,aadhar_70,train,real,10
id_card,aadhar_71,train,real,10
id_card,aadhar_72,train,real,10
id_card,aadhar_73,train,real,10
id_card,aadhar_74,train,real,10
id_card,aadhar_75,train,real,10
id_card,aadhar_76,train,real,10
id_card,aadhar_77,train,real,10
id_card,aadhar_78,validation,real,5
id_card,aadhar_79,train,real,5
id_card,aadhar_8,train,real,5
id_card,aadhar_80,train,real,10
id_card,aadhar_81,train,real,10
id_card,aadhar_82,train,real,10
id_card,aadhar_83,train,real,10
id_card,aadhar_84,train,real,10
id_card,aadhar_85,train,real,10
id_card,aadhar_86,train,real,10
id_card,aadhar_87,train,real,10
id_card,aadhar_88,train,real,5
id_card,aadhar_89,train,real,5
id_card,aadhar_9,train,real,10
id_card,aadhar_90,train,real,10
id_card,aadhar_91,train,real,10
id_card,aadhar_92,train,real,10
id_card,aadhar_93,validation,real,10
id_card,aadhar_94,validation,real,10
id_card,aadhar_95,train,real,10
id_card,aadhar_96,train,real,10
id_card,aadhar_97,train,real,10
id_card,aadhar_98,train,real,10
id_card,aadhar_99,train,real,10
passport,passport_001,train,synthetic,6
passport,passport_002,validation,synthetic,6
passport,passport_003,train,synthetic,6
passport,passport_004,train,synthetic,6
passport,passport_005,train,synthetic,6
passport,passport_006,train,synthetic,6
passport,passport_007,validation,synthetic,6
passport,passport_008,validation,synthetic,6
passport,passport_009,validation,synthetic,6
passport,passport_010,train,synthetic,6
passport,passport_011,train,synthetic,6
passport,passport_012,train,synthetic,6
passport,passport_013,train,synthetic,6
passport,passport_014,train,synthetic,6
passport,passport_015,train,synthetic,6
passport,passport_016,train,synthetic,6
passport,passport_017,train,synthetic,6
passport,passport_018,train,synthetic,6
passport,passport_019,train,synthetic,6
passport,passport_020,train,synthetic,6
passport,passport_021,train,synthetic,6
passport,passport_022,train,synthetic,6
passport,passport_023,validation,synthetic,6
passport,passport_024,validation,synthetic,6
passport,passport_025,train,synthetic,6
passport,passport_026,train,synthetic,6
passport,passport_027,validation,synthetic,6
passport,passport_028,train,synthetic,6
passport,passport_029,validation,synthetic,6
passport,passport_030,train,synthetic,6
passport,passport_031,train,synthetic,6
passport,passport_032,train,synthetic,6
passport,passport_033,train,synthetic,6
passport,passport_034,train,synthetic,6
passport,passport_035,train,synthetic,6
passport,passport_036,validation,synthetic,6
passport,passport_037,train,synthetic,6
passport,passport_038,train,synthetic,6
passport,passport_039,train,synthetic,6
passport,passport_040,validation,synthetic,6
passport,passport_041,validation,synthetic,6
passport,passport_042,train,synthetic,6
passport,passport_043,train,synthetic,6
passport,passport_044,train,synthetic,6
passport,passport_045,train,synthetic,6
passport,passport_046,train,synthetic,6
passport,passport_047,train,synthetic,6
passport,passport_048,train,synthetic,6
passport,passport_049,train,synthetic,6
passport,passport_050,train,synthetic,6
passport,passport_051,validation,synthetic,6
passport,passport_052,train,synthetic,6
passport,passport_053,train,synthetic,6
passport,passport_054,train,synthetic,6
passport,passport_055,train,synthetic,6
passport,passport_056,validation,synthetic,6
passport,passport_057,validation,synthetic,6
passport,passport_058,validation,synthetic,6
passport,passport_059,train,synthetic,6
passport,passport_060,validation,synthetic,6
passport,passport_061,train,synthetic,6
passport,passport_062,train,synthetic,6
passport,passport_063,validation,synthetic,6
passport,passport_064,train,synthetic,6
passport,passport_065,train,synthetic,6
passport,passport_066,train,synthetic,6
passport,passport_067,train,synthetic,6
passport,passport_068,train,synthetic,6
passport,passport_069,train,synthetic,6
passport,passport_070,train,synthetic,6
passport,passport_071,validation,synthetic,6
passport,passport_072,validation,synthetic,6
passport,passport_073,train,synthetic,6
passport,passport_074,train,synthetic,6
passport,passport_075,train,synthetic,6
passport,passport_076,train,synthetic,6
passport,passport_077,train,synthetic,6
passport,passport_078,train,synthetic,6
passport,passport_079,train,synthetic,6
passport,passport_080,train,synthetic,6
passport,passport_081,train,synthetic,6
passport,passport_082,train,synthetic,6
passport,passport_083,train,synthetic,6
passport,passport_084,train,synthetic,6
passport,passport_085,train,synthetic,6
passport,passport_086,train,synthetic,6
passport,passport_087,validation,synthetic,6
passport,passport_088,validation,synthetic,6
passport,passport_089,train,synthetic,6
passport,passport_090,train,synthetic,6
passport,passport_091,train,synthetic,6
passport,passport_092,train,synthetic,6
passport,passport_093,train,synthetic,6
passport,passport_094,train,synthetic,6
passport,passport_095,train,synthetic,6
passport,passport_096,train,synthetic,6
passport,passport_097,train,synthetic,6
passport,passport_098,train,synthetic,6
passport,passport_099,train,synthetic,6
passport,passport_100,train,synthetic,6
passport,passport_101,train,synthetic,6
passport,passport_102,train,synthetic,6
passport,passport_103,train,synthetic,6
passport,passport_104,train,synthetic,6
passport,passport_105,train,synthetic,6
passport,passport_106,train,synthetic,6
passport,passport_107,train,synthetic,6
passport,passport_108,validation,synthetic,6
passport,passport_109,validation,synthetic,6
passport,passport_110,train,synthetic,6
passport,passport_111,train,synthetic,6
passport,passport_112,train,synthetic,6
passport,passport_113,train,synthetic,6
passport,passport_114,train,synthetic,6
passport,passport_115,validation,synthetic,6
passport,passport_116,train,synthetic,6
passport,passport_117,train,synthetic,6
passport,passport_118,train,synthetic,6
passport,passport_119,train,synthetic,6
passport,passport_120,train,synthetic,6
passport,passport_121,train,synthetic,6
passport,passport_122,train,synthetic,6
passport,passport_123,train,synthetic,6
passport,passport_124,train,synthetic,6
passport,passport_125,train,synthetic,6
passport,passport_126,train,synthetic,6
passport,passport_127,train,synthetic,6
passport,passport_128,train,synthetic,6
passport,passport_129,train,synthetic,6
passport,passport_130,validation,synthetic,6
passport,passport_131,train,synthetic,6
passport,passport_132,train,synthetic,6
passport,passport_133,train,synthetic,6
passport,passport_134,train,synthetic,6
passport,passport_135,train,synthetic,6
passport,passport_136,train,synthetic,6
passport,passport_137,train,synthetic,6
passport,passport_138,train,synthetic,6
passport,passport_139,train,synthetic,6
passport,passport_140,validation,synthetic,6
passport,passport_141,train,synthetic,6
passport,passport_142,train,synthetic,6
passport,passport_143,train,synthetic,6
passport,passport_144,validation,synthetic,6
passport,passport_145,train,synthetic,6
passport,passport_146,train,synthetic,6
passport,passport_147,train,synthetic,6
passport,passport_148,train,synthetic,6
passport,passport_149,train,synthetic,6
passport,passport_150,train,synthetic,6
passport,passport_151,validation,synthetic,6
passport,passport_152,validation,synthetic,6
passport,passport_153,train,synthetic,6
passport,passport_154,train,synthetic,6
passport,passport_155,validation,synthetic,6
passport,passport_156,train,synthetic,6
passport,passport_157,train,synthetic,6
passport,passport_158,train,synthetic,6
passport,passport_159,train,synthetic,6
passport,passport_160,train,synthetic,6
passport,passport_161,train,synthetic,6
passport,passport_162,train,synthetic,6
passport,passport_163,train,synthetic,6
passport,passport_164,validation,synthetic,6
passport,passport_165,train,synthetic,6
passport,passport_166,train,synthetic,6
passport,passport_167,validation,synthetic,6
passport,passport_168,train,synthetic,6
passport,passport_169,validation,synthetic,6
passport,passport_170,train,synthetic,6
passport,passport_171,train,synthetic,6
passport,passport_172,train,synthetic,6
passport,passport_173,train,synthetic,6
passport,passport_174,validation,synthetic,6
passport,passport_175,train,synthetic,6
passport,passport_176,train,synthetic,6
passport,passport_177,train,synthetic,6
passport,passport_178,train,synthetic,6
passport,passport_179,train,synthetic,6
passport,passport_180,train,synthetic,6
passport,passport_181,train,synthetic,6
passport,passport_182,validation,synthetic,6
passport,passport_183,train,synthetic,6
passport,passport_184,train,synthetic,6
passport,passport_185,train,synthetic,6
passport,passport_186,validation,synthetic,6
passport,passport_187,train,synthetic,6
passport,passport_188,train,synthetic,6
passport,passport_189,validation,synthetic,6
passport,passport_190,validation,synthetic,6
passport,passport_191,train,synthetic,6
passport,passport_192,validation,synthetic,6
passport,passport_193,train,synthetic,6
passport,passport_194,train,synthetic,6
passport,passport_195,train,synthetic,6
passport,passport_196,train,synthetic,6
passport,passport_197,train,synthetic,6
passport,passport_198,validation,synthetic,6
passport,passport_199,train,synthetic,6
passport,passport_200,train,synthetic,6
unknown,unknown_001,validation,synthetic,6
unknown,unknown_002,train,synthetic,6
unknown,unknown_003,train,synthetic,6
unknown,unknown_004,train,synthetic,6
unknown,unknown_005,train,synthetic,6
unknown,unknown_006,train,synthetic,6
unknown,unknown_007,train,synthetic,6
unknown,unknown_008,train,synthetic,6
unknown,unknown_009,train,synthetic,6
unknown,unknown_010,train,synthetic,6
unknown,unknown_011,train,synthetic,6
unknown,unknown_012,validation,synthetic,6
unknown,unknown_013,train,synthetic,6
unknown,unknown_014,train,synthetic,6
unknown,unknown_015,train,synthetic,6
unknown,unknown_016,train,synthetic,6
unknown,unknown_017,train,synthetic,6
unknown,unknown_018,validation,synthetic,6
unknown,unknown_019,train,synthetic,6
unknown,unknown_020,train,synthetic,6
unknown,unknown_021,train,synthetic,6
unknown,unknown_022,train,synthetic,6
unknown,unknown_023,train,synthetic,6
unknown,unknown_024,train,synthetic,6
unknown,unknown_025,train,synthetic,6
unknown,unknown_026,train,synthetic,6
unknown,unknown_027,train,synthetic,6
unknown,unknown_028,train,synthetic,6
unknown,unknown_029,train,synthetic,6
unknown,unknown_030,train,synthetic,6
unknown,unknown_031,train,synthetic,6
unknown,unknown_032,validation,synthetic,6
unknown,unknown_033,validation,synthetic,6
unknown,unknown_034,train,synthetic,6
unknown,unknown_035,train,synthetic,6
unknown,unknown_036,train,synthetic,6
unknown,unknown_037,train,synthetic,6
unknown,unknown_038,train,synthetic,6
unknown,unknown_039,train,synthetic,6
unknown,unknown_040,train,synthetic,6
unknown,unknown_041,train,synthetic,6
unknown,unknown_042,train,synthetic,6
unknown,unknown_043,train,synthetic,6
unknown,unknown_044,train,synthetic,6
unknown,unknown_045,validation,synthetic,6
unknown,unknown_046,train,synthetic,6
unknown,unknown_047,train,synthetic,6
unknown,unknown_048,train,synthetic,6
unknown,unknown_049,train,synthetic,6
unknown,unknown_050,validation,synthetic,6
unknown,unknown_051,validation,synthetic,6
unknown,unknown_052,train,synthetic,6
unknown,unknown_053,train,synthetic,6
unknown,unknown_054,train,synthetic,6
unknown,unknown_055,train,synthetic,6
unknown,unknown_056,train,synthetic,6
unknown,unknown_057,train,synthetic,6
unknown,unknown_058,train,synthetic,6
unknown,unknown_059,train,synthetic,6
unknown,unknown_060,train,synthetic,6
unknown,unknown_061,train,synthetic,6
unknown,unknown_062,train,synthetic,6
unknown,unknown_063,train,synthetic,6
unknown,unknown_064,train,synthetic,6
unknown,unknown_065,train,synthetic,6
unknown,unknown_066,validation,synthetic,6
unknown,unknown_067,train,synthetic,6
unknown,unknown_068,train,synthetic,6
unknown,unknown_069,train,synthetic,6
unknown,unknown_070,train,synthetic,6
unknown,unknown_071,train,synthetic,6
unknown,unknown_072,train,synthetic,6
unknown,unknown_073,train,synthetic,6
unknown,unknown_074,train,synthetic,6
unknown,unknown_075,train,synthetic,6
unknown,unknown_076,validation,synthetic,6
unknown,unknown_077,validation,synthetic,6
unknown,unknown_078,validation,synthetic,6
unknown,unknown_079,train,synthetic,6
unknown,unknown_080,validation,synthetic,6
unknown,unknown_081,validation,synthetic,6
unknown,unknown_082,train,synthetic,6
unknown,unknown_083,train,synthetic,6
unknown,unknown_084,validation,synthetic,6
unknown,unknown_085,validation,synthetic,6
unknown,unknown_086,train,synthetic,6
unknown,unknown_087,train,synthetic,6
unknown,unknown_088,train,synthetic,6
unknown,unknown_089,train,synthetic,6
unknown,unknown_090,train,synthetic,6
unknown,unknown_091,train,synthetic,6
unknown,unknown_092,train,synthetic,6
unknown,unknown_093,train,synthetic,6
unknown,unknown_094,validation,synthetic,6
unknown,unknown_095,train,synthetic,6
unknown,unknown_096,train,synthetic,6
unknown,unknown_097,train,synthetic,6
unknown,unknown_098,validation,synthetic,6
unknown,unknown_099,train,synthetic,6
unknown,unknown_100,train,synthetic,6
unknown,unknown_101,train,synthetic,6
unknown,unknown_102,train,synthetic,6
unknown,unknown_103,train,synthetic,6
unknown,unknown_104,validation,synthetic,6
unknown,unknown_105,validation,synthetic,6
unknown,unknown_106,train,synthetic,6
unknown,unknown_107,train,synthetic,6
unknown,unknown_108,validation,synthetic,6
unknown,unknown_109,train,synthetic,6
unknown,unknown_110,train,synthetic,6
unknown,unknown_111,validation,synthetic,6
unknown,unknown_112,validation,synthetic,6
unknown,unknown_113,train,synthetic,6
unknown,unknown_114,train,synthetic,6
unknown,unknown_115,train,synthetic,6
unknown,unknown_116,train,synthetic,6
unknown,unknown_117,train,synthetic,6
unknown,unknown_118,train,synthetic,6
unknown,unknown_119,train,synthetic,6
unknown,unknown_120,train,synthetic,6
unknown,unknown_121,train,synthetic,6
unknown,unknown_122,train,synthetic,6
unknown,unknown_123,train,synthetic,6
unknown,unknown_124,train,synthetic,6
unknown,unknown_125,train,synthetic,6
unknown,unknown_126,train,synthetic,6
unknown,unknown_127,train,synthetic,6
unknown,unknown_128,train,synthetic,6
unknown,unknown_129,train,synthetic,6
unknown,unknown_130,validation,synthetic,6
unknown,unknown_131,train,synthetic,6
unknown,unknown_132,train,synthetic,6
unknown,unknown_133,train,synthetic,6
unknown,unknown_134,validation,synthetic,6
unknown,unknown_135,train,synthetic,6
unknown,unknown_136,train,synthetic,6
unknown,unknown_137,train,synthetic,6
unknown,unknown_138,validation,synthetic,6
unknown,unknown_139,train,synthetic,6
unknown,unknown_140,train,synthetic,6
unknown,unknown_141,train,synthetic,6
unknown,unknown_142,validation,synthetic,6
unknown,unknown_143,train,synthetic,6
unknown,unknown_144,train,synthetic,6
unknown,unknown_145,train,synthetic,6
unknown,unknown_146,validation,synthetic,6
unknown,unknown_147,train,synthetic,6
unknown,unknown_148,train,synthetic,6
unknown,unknown_149,train,synthetic,6
unknown,unknown_150,train,synthetic,6
unknown,unknown_151,train,synthetic,6
unknown,unknown_152,train,synthetic,6
unknown,unknown_153,train,synthetic,6
unknown,unknown_154,train,synthetic,6
unknown,unknown_155,train,synthetic,6
unknown,unknown_156,train,synthetic,6
unknown,unknown_157,train,synthetic,6
unknown,unknown_158,validation,synthetic,6
unknown,unknown_159,train,synthetic,6
unknown,unknown_160,validation,synthetic,6
unknown,unknown_161,train,synthetic,6
unknown,unknown_162,train,synthetic,6
unknown,unknown_163,train,synthetic,6
unknown,unknown_164,train,synthetic,6
unknown,unknown_165,train,synthetic,6
unknown,unknown_166,train,synthetic,6
unknown,unknown_167,train,synthetic,6
unknown,unknown_168,train,synthetic,6
unknown,unknown_169,train,synthetic,6
unknown,unknown_170,validation,synthetic,6
unknown,unknown_171,validation,synthetic,6
unknown,unknown_172,validation,synthetic,6
unknown,unknown_173,train,synthetic,6
unknown,unknown_174,train,synthetic,6
unknown,unknown_175,train,synthetic,6
unknown,unknown_176,validation,synthetic,6
unknown,unknown_177,train,synthetic,6
unknown,unknown_178,train,synthetic,6
unknown,unknown_179,train,synthetic,6
unknown,unknown_180,train,synthetic,6
unknown,unknown_181,train,synthetic,6
unknown,unknown_182,validation,synthetic,6
unknown,unknown_183,train,synthetic,6
unknown,unknown_184,validation,synthetic,6
unknown,unknown_185,validation,synthetic,6
unknown,unknown_186,train,synthetic,6
unknown,unknown_187,train,synthetic,6
unknown,unknown_188,train,synthetic,6
unknown,unknown_189,validation,synthetic,6
unknown,unknown_190,validation,synthetic,6
unknown,unknown_191,validation,synthetic,6
unknown,unknown_192,train,synthetic,6
unknown,unknown_193,train,synthetic,6
unknown,unknown_194,train,synthetic,6
unknown,unknown_195,train,synthetic,6
unknown,unknown_196,train,synthetic,6
unknown,unknown_197,train,synthetic,6
unknown,unknown_198,train,synthetic,6
unknown,unknown_199,train,synthetic,6
unknown,unknown_200,train,synthetic,6
visa,visa_001,train,synthetic,6
visa,visa_002,validation,synthetic,6
visa,visa_003,train,synthetic,6
visa,visa_004,train,synthetic,6
visa,visa_005,train,synthetic,6
visa,visa_006,validation,synthetic,6
visa,visa_007,train,synthetic,6
visa,visa_008,train,synthetic,6
visa,visa_009,validation,synthetic,6
visa,visa_010,train,synthetic,6
visa,visa_011,train,synthetic,6
visa,visa_012,train,synthetic,6
visa,visa_013,train,synthetic,6
visa,visa_014,train,synthetic,6
visa,visa_015,train,synthetic,6
visa,visa_016,validation,synthetic,6
visa,visa_017,validation,synthetic,6
visa,visa_018,validation,synthetic,6
visa,visa_019,validation,synthetic,6
visa,visa_020,train,synthetic,6
visa,visa_021,train,synthetic,6
visa,visa_022,train,synthetic,6
visa,visa_023,train,synthetic,6
visa,visa_024,train,synthetic,6
visa,visa_025,train,synthetic,6
visa,visa_026,train,synthetic,6
visa,visa_027,train,synthetic,6
visa,visa_028,train,synthetic,6
visa,visa_029,train,synthetic,6
visa,visa_030,train,synthetic,6
visa,visa_031,validation,synthetic,6
visa,visa_032,train,synthetic,6
visa,visa_033,train,synthetic,6
visa,visa_034,train,synthetic,6
visa,visa_035,train,synthetic,6
visa,visa_036,train,synthetic,6
visa,visa_037,train,synthetic,6
visa,visa_038,train,synthetic,6
visa,visa_039,train,synthetic,6
visa,visa_040,train,synthetic,6
visa,visa_041,train,synthetic,6
visa,visa_042,train,synthetic,6
visa,visa_043,train,synthetic,6
visa,visa_044,train,synthetic,6
visa,visa_045,train,synthetic,6
visa,visa_046,train,synthetic,6
visa,visa_047,train,synthetic,6
visa,visa_048,train,synthetic,6
visa,visa_049,train,synthetic,6
visa,visa_050,train,synthetic,6
visa,visa_051,train,synthetic,6
visa,visa_052,validation,synthetic,6
visa,visa_053,train,synthetic,6
visa,visa_054,train,synthetic,6
visa,visa_055,validation,synthetic,6
visa,visa_056,train,synthetic,6
visa,visa_057,validation,synthetic,6
visa,visa_058,validation,synthetic,6
visa,visa_059,validation,synthetic,6
visa,visa_060,train,synthetic,6
visa,visa_061,validation,synthetic,6
visa,visa_062,train,synthetic,6
visa,visa_063,train,synthetic,6
visa,visa_064,validation,synthetic,6
visa,visa_065,train,synthetic,6
visa,visa_066,train,synthetic,6
visa,visa_067,train,synthetic,6
visa,visa_068,train,synthetic,6
visa,visa_069,train,synthetic,6
visa,visa_070,train,synthetic,6
visa,visa_071,train,synthetic,6
visa,visa_072,validation,synthetic,6
visa,visa_073,train,synthetic,6
visa,visa_074,train,synthetic,6
visa,visa_075,train,synthetic,6
visa,visa_076,train,synthetic,6
visa,visa_077,train,synthetic,6
visa,visa_078,train,synthetic,6
visa,visa_079,train,synthetic,6
visa,visa_080,validation,synthetic,6
visa,visa_081,train,synthetic,6
visa,visa_082,train,synthetic,6
visa,visa_083,train,synthetic,6
visa,visa_084,train,synthetic,6
visa,visa_085,validation,synthetic,6
visa,visa_086,train,synthetic,6
visa,visa_087,validation,synthetic,6
visa,visa_088,train,synthetic,6
visa,visa_089,train,synthetic,6
visa,visa_090,train,synthetic,6
visa,visa_091,train,synthetic,6
visa,visa_092,train,synthetic,6
visa,visa_093,train,synthetic,6
visa,visa_094,train,synthetic,6
visa,visa_095,train,synthetic,6
visa,visa_096,validation,synthetic,6
visa,visa_097,train,synthetic,6
visa,visa_098,train,synthetic,6
visa,visa_099,train,synthetic,6
visa,visa_100,train,synthetic,6
visa,visa_101,train,synthetic,6
visa,visa_102,train,synthetic,6
visa,visa_103,validation,synthetic,6
visa,visa_104,train,synthetic,6
visa,visa_105,train,synthetic,6
visa,visa_106,train,synthetic,6
visa,visa_107,train,synthetic,6
visa,visa_108,train,synthetic,6
visa,visa_109,train,synthetic,6
visa,visa_110,train,synthetic,6
visa,visa_111,train,synthetic,6
visa,visa_112,train,synthetic,6
visa,visa_113,validation,synthetic,6
visa,visa_114,train,synthetic,6
visa,visa_115,train,synthetic,6
visa,visa_116,validation,synthetic,6
visa,visa_117,train,synthetic,6
visa,visa_118,train,synthetic,6
visa,visa_119,train,synthetic,6
visa,visa_120,train,synthetic,6
visa,visa_121,train,synthetic,6
visa,visa_122,train,synthetic,6
visa,visa_123,train,synthetic,6
visa,visa_124,train,synthetic,6
visa,visa_125,validation,synthetic,6
visa,visa_126,train,synthetic,6
visa,visa_127,train,synthetic,6
visa,visa_128,train,synthetic,6
visa,visa_129,train,synthetic,6
visa,visa_130,train,synthetic,6
visa,visa_131,train,synthetic,6
visa,visa_132,validation,synthetic,6
visa,visa_133,validation,synthetic,6
visa,visa_134,train,synthetic,6
visa,visa_135,train,synthetic,6
visa,visa_136,train,synthetic,6
visa,visa_137,train,synthetic,6
visa,visa_138,train,synthetic,6
visa,visa_139,validation,synthetic,6
visa,visa_140,train,synthetic,6
visa,visa_141,train,synthetic,6
visa,visa_142,validation,synthetic,6
visa,visa_143,train,synthetic,6
visa,visa_144,train,synthetic,6
visa,visa_145,train,synthetic,6
visa,visa_146,train,synthetic,6
visa,visa_147,train,synthetic,6
visa,visa_148,train,synthetic,6
visa,visa_149,train,synthetic,6
visa,visa_150,train,synthetic,6
visa,visa_151,validation,synthetic,6
visa,visa_152,train,synthetic,6
visa,visa_153,train,synthetic,6
visa,visa_154,train,synthetic,6
visa,visa_155,train,synthetic,6
visa,visa_156,train,synthetic,6
visa,visa_157,train,synthetic,6
visa,visa_158,train,synthetic,6
visa,visa_159,train,synthetic,6
visa,visa_160,train,synthetic,6
visa,visa_161,train,synthetic,6
visa,visa_162,validation,synthetic,6
visa,visa_163,train,synthetic,6
visa,visa_164,train,synthetic,6
visa,visa_165,train,synthetic,6
visa,visa_166,train,synthetic,6
visa,visa_167,validation,synthetic,6
visa,visa_168,train,synthetic,6
visa,visa_169,train,synthetic,6
visa,visa_170,train,synthetic,6
visa,visa_171,train,synthetic,6
visa,visa_172,validation,synthetic,6
visa,visa_173,validation,synthetic,6
visa,visa_174,train,synthetic,6
visa,visa_175,train,synthetic,6
visa,visa_176,train,synthetic,6
visa,visa_177,validation,synthetic,6
visa,visa_178,train,synthetic,6
visa,visa_179,validation,synthetic,6
visa,visa_180,train,synthetic,6
visa,visa_181,train,synthetic,6
visa,visa_182,train,synthetic,6
visa,visa_183,validation,synthetic,6
visa,visa_184,train,synthetic,6
visa,visa_185,train,synthetic,6
visa,visa_186,train,synthetic,6
visa,visa_187,validation,synthetic,6
visa,visa_188,train,synthetic,6
visa,visa_189,train,synthetic,6
visa,visa_190,train,synthetic,6
visa,visa_191,train,synthetic,6
visa,visa_192,train,synthetic,6
visa,visa_193,train,synthetic,6
visa,visa_194,validation,synthetic,6
visa,visa_195,train,synthetic,6
visa,visa_196,validation,synthetic,6
visa,visa_197,train,synthetic,6
visa,visa_198,train,synthetic,6
visa,visa_199,train,synthetic,6
visa,visa_200,validation,synthetic,6
